,date,maximum_rainfall_in_a_day,no_of_rainy_days,total_rainfall,mean_rh,rh_extremes_minimum,mean_sunshine_hrs,mean_temp,temp_mean_daily_min,temp_mean_daily_max,wet_bulb_temperature,year,month
0,1982-01-01,36.5,10,107.1,81.2,49,5.6,25.9,23.3,29.8,23.45604838709677,1982,01
1,1982-02-01,9.4,5,27.8,79.5,49,7.6,27.1,23.9,32.3,24.297619047619047,1982,02
2,1982-03-01,61.7,11,160.8,82.3,51,5.1,27.2,24.3,31.7,24.811559139784944,1982,03
3,1982-04-01,45.1,14,157.0,85.9,54,4.7,27.0,24.3,31.4,25.10375,1982,04
4,1982-05-01,33.0,10,102.2,83.2,57,5.8,28.0,25.2,31.7,25.689650537634407,1982,05
5,1982-06-01,20.6,8,59.5,80.3,53,7.3,28.4,26.0,31.9,25.729305555555552,1982,06
6,1982-07-01,17.2,8,76.3,77.6,38,7.6,28.2,25.5,31.6,25.107258064516127,1982,07
7,1982-08-01,57.7,11,169.5,80.4,52,5.4,27.7,25.0,31.1,25.02755376344086,1982,08
8,1982-09-01,18.0,9,54.1,80.6,49,5.2,27.9,25.3,31.4,25.243055555555557,1982,09
9,1982-10-01,10.0,10,39.3,81.5,49,5.6,27.4,24.3,32.1,24.90067204301075,1982,10
10,1982-11-01,39.6,13,134.0,83.4,47,5.8,27.3,24.5,32.4,25.068888888888885,1982,11
11,1982-12-01,109.0,21,494.1,87.7,56,3.3,26.2,23.9,29.9,24.621639784946236,1982,12
12,1983-01-01,43.2,18,246.0,85.6,53,4.3,26.5,24.0,30.3,24.554973118279573,1983,01
13,1983-02-01,5.1,2,5.6,78.0,41,9.3,28.1,24.8,33.1,24.97440476190476,1983,02
14,1983-03-01,18.3,2,18.6,76.0,40,8.9,28.9,25.4,34.4,25.439247311827955,1983,03
15,1983-04-01,21.3,4,33.6,77.2,39,6.6,29.4,26.3,34.3,26.09347222222222,1983,04
16,1983-05-01,32.3,11,160.8,83.2,58,5.9,28.3,25.2,32.5,25.95685483870968,1983,05
17,1983-06-01,27.7,11,94.0,82.4,51,5.9,28.3,25.3,31.9,25.872500000000002,1983,06
18,1983-07-01,55.5,18,190.0,83.7,54,5.4,27.6,24.9,31.0,25.422043010752688,1983,07
19,1983-08-01,181.8,10,262.2,81.2,44,6.3,28.1,25.6,31.5,25.54959677419355,1983,08
20,1983-09-01,50.3,18,170.8,84.4,55,3.8,27.2,24.6,31.1,25.13722222222222,1983,09
21,1983-10-01,40.0,17,212.7,82.5,47,5.2,27.6,24.7,31.5,25.239247311827956,1983,10
22,1983-11-01,54.8,18,228.8,85.2,49,3.2,26.6,24.0,30.5,24.687638888888888,1983,11
23,1983-12-01,164.4,16,370.6,88.0,57,2.7,25.4,23.3,28.9,23.882526881720427,1983,12
24,1984-01-01,62.3,18,251.2,85.8,55,4.1,25.5,22.9,29.5,23.667876344086025,1984,01
25,1984-02-01,154.4,19,470.4,86.0,58,4.1,25.8,23.4,30.0,24.00991379310345,1984,02
26,1984-03-01,119.4,19,361.3,85.4,56,5.3,26.5,23.8,30.8,24.6002688172043,1984,03
27,1984-04-01,38.7,17,153.1,83.8,55,6.2,27.3,24.5,31.3,25.178472222222222,1984,04
28,1984-05-01,46.0,12,186.5,84.1,54,6.4,27.3,24.5,31.3,25.15645161290323,1984,05
29,1984-06-01,121.1,14,255.0,83.1,52,5.4,27.5,24.7,31.1,25.2575,1984,06
30,1984-07-01,49.2,12,127.2,83.7,55,5.7,27.2,24.7,30.7,24.984274193548387,1984,07
31,1984-08-01,22.5,13,102.7,84.1,60,6.0,27.4,24.3,31.2,25.241935483870968,1984,08
32,1984-09-01,46.5,17,186.7,83.9,49,4.9,26.8,23.7,30.9,24.65791666666667,1984,09
33,1984-10-01,47.2,11,187.5,82.5,53,5.3,27.4,24.3,31.6,25.00712365591398,1984,10
34,1984-11-01,35.4,17,127.7,86.3,58,4.3,26.5,24.0,31.0,24.650138888888886,1984,11
35,1984-12-01,58.4,22,277.4,86.7,58,3.3,26.0,23.6,30.0,24.245833333333334,1984,12
36,1985-01-01,35.5,7,111.1,81.5,49,8.7,26.6,23.6,31.2,24.091129032258063,1985,01
37,1985-02-01,18.7,11,79.3,84.0,51,6.5,27.0,24.1,32.1,24.892857142857142,1985,02
38,1985-03-01,23.8,13,88.0,83.9,56,5.6,27.1,24.2,31.8,24.92822580645161,1985,03
39,1985-04-01,29.3,14,110.5,83.8,55,5.5,27.5,24.4,32.2,25.28291666666667,1985,04
40,1985-05-01,36.2,12,70.1,83.4,55,5.7,28.0,25.2,31.8,25.736962365591395,1985,05
41,1985-06-01,9.9,14,37.0,79.4,43,5.8,28.2,25.1,32.1,25.32333333333333,1985,06
42,1985-07-01,32.2,17,131.8,83.1,50,5.3,27.0,23.9,30.8,24.738575268817204,1985,07
43,1985-08-01,21.4,11,56.9,80.4,53,6.2,27.7,25.1,31.5,25.07983870967742,1985,08
44,1985-09-01,22.0,18,110.7,83.1,48,5.0,26.9,24.0,30.9,24.693055555555556,1985,09
45,1985-10-01,30.2,21,169.0,84.7,43,4.1,26.7,23.9,30.6,24.6747311827957,1985,10
46,1985-11-01,38.2,21,179.4,85.0,54,4.1,26.6,23.8,31.1,24.571805555555557,1985,11
47,1985-12-01,86.8,22,340.1,86.2,56,4.6,26.1,23.7,30.2,24.273118279569893,1985,12
48,1986-01-01,95.6,13,308.2,83.9,55,3.9,25.7,23.4,29.3,23.615591397849464,1986,01
49,1986-02-01,23.0,2,26.7,78.4,48,7.2,26.9,23.9,31.9,23.99955357142857,1986,02
50,1986-03-01,71.1,17,353.4,86.6,55,4.6,26.4,24.1,30.5,24.6747311827957,1986,03
51,1986-04-01,56.4,14,150.0,85.3,54,6.2,27.4,24.7,31.7,25.42013888888889,1986,04
52,1986-05-01,51.3,13,145.1,81.8,48,6.1,28.2,25.4,31.8,25.686155913978496,1986,05
53,1986-06-01,34.5,13,122.9,82.5,50,6.8,27.9,25.3,31.6,25.542222222222225,1986,06
54,1986-07-01,23.5,12,109.7,79.9,48,6.2,27.9,25.0,31.5,25.11209677419355,1986,07
55,1986-08-01,28.4,11,72.9,77.3,40,5.6,28.3,25.2,31.9,25.126478494623655,1986,08
56,1986-09-01,97.6,22,396.0,84.4,54,4.8,26.7,23.6,30.6,24.64486111111111,1986,09
57,1986-10-01,65.6,20,227.3,85.0,57,5.0,26.9,24.3,30.9,24.90537634408602,1986,10
58,1986-11-01,40.5,21,256.7,84.1,53,4.5,26.6,24.1,30.9,24.504583333333333,1986,11
59,1986-12-01,131.7,16,367.2,85.2,55,5.4,26.3,23.9,30.3,24.403494623655916,1986,12
60,1987-01-01,127.4,16,568.6,86.0,56,4.0,25.5,23.4,28.8,23.70255376344086,1987,01
61,1987-02-01,34.8,7,86.9,79.0,47,9.2,26.6,23.7,31.6,23.781994047619047,1987,02
62,1987-03-01,40.9,12,132.5,83.2,50,6.9,27.5,24.8,32.1,25.19475806451613,1987,03
63,1987-04-01,27.7,10,72.5,82.8,51,6.2,27.9,25.1,32.6,25.573194444444447,1987,04
64,1987-05-01,81.4,16,270.0,84.6,59,5.6,27.6,25.0,31.7,25.55766129032258,1987,05
65,1987-06-01,30.7,15,126.6,80.7,47,6.8,28.7,26.0,32.4,26.001527777777774,1987,06
66,1987-07-01,21.6,11,80.9,81.3,55,6.7,28.1,25.4,31.6,25.540188172043013,1987,07
67,1987-08-01,48.2,16,191.9,83.6,57,5.1,27.4,25.0,31.1,25.20483870967742,1987,08
68,1987-09-01,44.5,11,129.9,82.5,51,5.4,27.6,24.6,31.7,25.21027777777778,1987,09
69,1987-10-01,5.9,9,22.6,82.1,49,5.8,27.9,25.2,32.5,25.403897849462364,1987,10
70,1987-11-01,77.7,17,347.6,84.0,54,4.5,27.3,24.3,31.7,25.099861111111114,1987,11
71,1987-12-01,24.3,11,72.8,84.6,57,4.8,26.4,24.2,30.4,24.40981182795699,1987,12
72,1988-01-01,69.0,15,237.5,84.3,57,5.9,26.8,24.5,30.8,24.706989247311828,1988,01
73,1988-02-01,46.7,9,158.1,83.2,55,6.7,27.1,24.6,32.0,24.87528735632184,1988,02
74,1988-03-01,70.1,15,186.8,85.3,45,5.2,27.3,24.8,31.3,25.28682795698925,1988,03
75,1988-04-01,22.8,13,109.6,84.5,54,5.4,27.8,25.2,32.4,25.7025,1988,04
76,1988-05-01,76.7,14,229.6,82.7,53,5.6,28.4,25.8,32.0,26.008467741935483,1988,05
77,1988-06-01,69.4,13,252.2,81.6,45,6.5,28.0,24.9,31.8,25.459305555555556,1988,06
78,1988-07-01,75.6,15,305.4,84.0,57,6.0,27.3,24.6,31.2,25.204435483870967,1988,07
79,1988-08-01,19.0,14,80.1,84.9,54,4.9,27.0,24.5,30.8,25.002150537634407,1988,08
80,1988-09-01,187.3,14,440.4,84.5,51,4.8,27.1,24.5,31.0,25.004722222222224,1988,09
81,1988-10-01,39.8,17,134.6,83.2,46,4.1,27.5,24.5,31.5,25.170295698924733,1988,10
82,1988-11-01,111.9,23,401.4,86.8,58,3.7,26.3,23.7,30.3,24.58527777777778,1988,11
83,1988-12-01,22.0,11,62.9,81.1,58,5.7,26.2,23.9,30.4,23.718413978494624,1988,12
84,1989-01-01,53.0,10,189.7,84.1,55,5.8,26.5,23.9,30.9,24.39704301075269,1989,01
85,1989-02-01,48.4,3,52.4,78.3,51,6.7,26.6,23.7,31.8,23.703869047619047,1989,02
86,1989-03-01,63.5,21,305.9,87.6,60,4.5,26.3,23.9,31.0,24.72204301075269,1989,03
87,1989-04-01,39.0,17,198.6,86.4,53,5.7,27.0,24.0,31.8,25.190555555555555,1989,04
88,1989-05-01,38.2,12,194.0,86.6,55,5.2,27.3,24.5,31.5,25.4755376344086,1989,05
89,1989-06-01,45.9,12,117.6,83.3,53,6.0,27.5,24.4,31.7,25.19611111111111,1989,06
90,1989-07-01,33.3,12,157.6,82.6,53,6.0,27.7,24.9,31.6,25.386559139784943,1989,07
91,1989-08-01,81.4,18,201.0,83.7,48,5.3,27.1,23.9,31.0,24.966397849462364,1989,08
92,1989-09-01,102.2,14,247.3,84.4,50,5.5,26.9,24.1,30.8,24.846249999999998,1989,09
93,1989-10-01,24.9,16,111.0,83.7,51,5.5,27.1,24.2,31.3,24.87983870967742,1989,10
94,1989-11-01,148.6,20,508.4,86.0,56,5.4,26.7,24.0,31.0,24.7975,1989,11
95,1989-12-01,44.2,18,179.7,85.5,58,4.8,26.3,23.9,30.2,24.37889784946237,1989,12
96,1990-01-01,73.9,13,147.4,83.8,52,5.3,26.2,23.7,30.3,24.04731182795699,1990,01
97,1990-02-01,6.6,8,24.1,80.9,38,8.9,27.6,24.9,32.4,24.96175595238095,1990,02
98,1990-03-01,48.6,4,94.2,77.6,39,8.3,28.2,25.0,33.3,25.07956989247312,1990,03
99,1990-04-01,12.0,10,52.4,81.2,44,6.3,28.5,25.3,33.4,25.885972222222225,1990,04
100,1990-05-01,153.7,11,180.1,81.1,45,6.5,28.6,25.6,32.8,25.933064516129033,1990,05
101,1990-06-01,76.1,9,112.6,80.7,46,6.3,28.3,25.4,32.4,25.693888888888885,1990,06
102,1990-07-01,44.5,12,124.0,82.7,53,5.9,27.5,24.6,31.4,25.131048387096776,1990,07
103,1990-08-01,38.3,13,146.6,82.3,46,5.8,28.0,25.1,31.4,25.5747311827957,1990,08
104,1990-09-01,44.5,17,204.5,83.2,39,5.1,27.2,24.2,31.3,24.9775,1990,09
105,1990-10-01,20.2,12,56.4,83.5,50,5.9,27.5,24.9,31.8,25.24516129032258,1990,10
106,1990-11-01,46.9,17,180.4,83.5,49,4.6,27.2,24.7,31.3,24.983611111111113,1990,11
107,1990-12-01,33.5,16,201.1,86.0,58,5.5,26.3,24.1,30.2,24.47231182795699,1990,12
108,1991-01-01,36.2,13,123.9,84.1,50,5.6,26.7,24.2,30.9,24.58454301075269,1991,01
109,1991-02-01,17.9,7,45.5,81.6,51,7.0,27.1,24.1,31.8,24.620386904761908,1991,02
110,1991-03-01,48.6,10,92.4,79.9,50,7.1,27.8,24.7,32.4,25.046370967741936,1991,03
111,1991-04-01,32.2,13,134.2,84.3,49,5.8,27.7,24.7,32.3,25.61513888888889,1991,04
112,1991-05-01,44.0,23,256.4,86.6,57,5.1,27.7,25.0,31.5,25.91021505376344,1991,05
113,1991-06-01,55.6,9,88.7,81.0,56,7.1,28.6,25.8,32.2,25.97041666666667,1991,06
114,1991-07-01,10.7,8,37.3,78.7,44,6.7,28.5,25.7,32.1,25.533736559139783,1991,07
115,1991-08-01,129.9,8,226.2,79.8,43,5.3,28.2,25.3,32.2,25.4,1991,08
116,1991-09-01,53.6,12,123.1,83.0,58,4.1,27.5,24.7,31.3,25.269305555555558,1991,09
117,1991-10-01,20.4,5,52.0,81.4,40,4.2,27.5,24.7,31.8,24.985483870967744,1991,10
118,1991-11-01,75.2,19,205.0,86.5,53,3.5,26.3,23.6,30.6,24.49291666666667,1991,11
119,1991-12-01,79.4,19,492.3,90.7,61,3.0,25.6,23.4,29.1,24.43938172043011,1991,12
120,1992-01-01,56.2,9,83.9,82.4,55,6.6,26.6,23.8,30.7,24.29274193548387,1992,01
121,1992-02-01,43.2,4,62.4,80.5,49,7.7,27.5,24.3,32.1,24.784913793103446,1992,02
122,1992-03-01,35.1,6,67.6,80.6,54,7.4,28.2,25.0,33.0,25.50577956989247,1992,03
123,1992-04-01,94.7,13,160.3,82.4,44,6.4,28.4,25.1,32.9,25.965,1992,04
124,1992-05-01,13.7,13,63.1,83.3,53,5.7,28.1,25.1,32.5,25.8505376344086,1992,05
125,1992-06-01,38.4,14,162.8,82.7,52,5.5,28.0,24.9,32.0,25.671666666666663,1992,06
126,1992-07-01,97.3,19,290.8,83.8,55,4.7,27.3,24.2,30.9,25.1630376344086,1992,07
127,1992-08-01,31.0,11,76.1,81.1,46,5.7,27.8,24.3,31.4,25.18978494623656,1992,08
128,1992-09-01,17.5,13,83.6,82.9,45,5.0,27.3,24.5,31.5,25.035694444444445,1992,09
129,1992-10-01,45.5,20,233.2,82.0,48,4.5,27.4,24.3,31.4,24.988306451612903,1992,10
130,1992-11-01,120.6,18,474.3,87.7,59,3.7,26.1,23.7,30.0,24.479999999999997,1992,11
131,1992-12-01,105.7,23,502.7,90.3,60,3.4,25.5,23.4,29.2,24.283467741935485,1992,12
132,1993-01-01,37.2,11,176.4,85.7,58,5.5,26.2,23.8,29.9,24.335752688172043,1993,01
133,1993-02-01,27.0,8,69.2,80.5,50,8.5,26.7,23.8,31.4,24.083035714285714,1993,02
134,1993-03-01,56.9,14,250.5,86.3,56,5.4,26.7,24.0,30.7,24.861021505376343,1993,03
135,1993-04-01,56.7,20,283.9,84.5,51,6.4,27.6,24.4,31.9,25.485416666666666,1993,04
136,1993-05-01,37.2,10,129.9,82.9,46,6.0,28.2,25.4,31.9,25.850403225806453,1993,05
137,1993-06-01,29.4,17,115.5,80.9,50,6.2,28.5,25.4,31.9,25.831666666666667,1993,06
138,1993-07-01,46.4,15,240.0,83.2,52,5.2,27.9,25.2,31.1,25.60470430107527,1993,07
139,1993-08-01,53.5,11,106.8,79.4,51,7.4,28.6,25.4,32.1,25.729032258064517,1993,08
140,1993-09-01,42.0,7,61.7,81.4,45,5.9,27.9,24.9,31.7,25.335,1993,09
141,1993-10-01,62.7,13,175.5,84.3,51,5.2,27.5,24.7,31.6,25.36599462365591,1993,10
142,1993-11-01,61.3,18,250.8,87.4,57,4.7,26.9,24.2,30.9,25.185555555555553,1993,11
143,1993-12-01,67.6,19,308.5,87.4,57,4.2,26.5,24.0,30.3,24.86532258064516,1993,12
144,1994-01-01,17.5,7,56.9,82.1,50,6.1,26.9,24.1,30.9,24.526344086021503,1994,01
145,1994-02-01,26.3,15,133.5,84.5,53,6.4,27.0,24.0,31.6,24.952976190476193,1994,02
146,1994-03-01,64.2,19,288.2,87.1,55,3.5,26.8,24.2,30.5,25.100403225806453,1994,03
147,1994-04-01,46.3,15,154.0,84.8,54,5.8,27.9,24.8,31.9,25.803333333333335,1994,04
148,1994-05-01,45.1,16,169.6,84.8,52,5.0,28.1,25.1,31.1,26.023655913978494,1994,05
149,1994-06-01,61.1,14,184.7,83.5,55,6.0,28.1,25.2,31.3,25.833194444444448,1994,06
150,1994-07-01,17.0,6,53.8,78.9,53,7.6,28.4,25.7,31.6,25.547580645161293,1994,07
151,1994-08-01,15.5,12,45.1,80.0,52,6.5,28.1,25.2,31.9,25.402419354838713,1994,08
152,1994-09-01,11.3,6,23.7,78.7,37,3.8,28.3,25.5,31.9,25.410833333333333,1994,09
153,1994-10-01,35.4,11,84.7,81.5,43,4.5,27.9,24.6,32.1,25.294758064516127,1994,10
154,1994-11-01,178.3,21,322.2,88.4,58,4.5,26.7,24.0,30.5,25.15263888888889,1994,11
155,1994-12-01,133.8,18,425.4,85.5,58,5.3,26.9,24.1,30.7,24.94327956989247,1994,12
156,1995-01-01,108.3,21,349.4,86.2,59,5.0,26.8,24.1,30.6,24.95779569892473,1995,01
157,1995-02-01,159.3,16,334.0,87.5,60,4.9,26.5,23.9,29.9,24.79925595238095,1995,02
158,1995-03-01,31.1,10,67.7,83.9,54,5.9,27.6,24.6,31.8,25.396102150537637,1995,03
159,1995-04-01,73.6,16,242.3,85.3,53,5.6,27.9,25.0,32.0,25.946805555555557,1995,04
160,1995-05-01,32.8,11,84.4,83.7,54,6.0,28.5,25.6,32.3,26.279301075268815,1995,05
161,1995-06-01,45.0,12,63.7,81.9,51,6.6,28.9,25.8,32.7,26.335694444444446,1995,06
162,1995-07-01,52.3,13,173.6,82.6,58,5.2,28.0,25.2,31.2,25.65215053763441,1995,07
163,1995-08-01,37.9,21,211.6,85.6,58,4.1,27.4,24.6,30.6,25.47271505376344,1995,08
164,1995-09-01,5.7,7,29.5,81.6,51,5.8,28.3,25.1,32.0,25.764305555555556,1995,09
165,1995-10-01,37.1,12,101.1,82.8,45,4.7,27.8,24.8,32.1,25.463575268817205,1995,10
166,1995-11-01,198.6,20,372.8,86.8,51,3.7,27.0,24.1,31.0,25.218611111111112,1995,11
167,1995-12-01,55.6,20,302.5,86.6,58,3.1,26.3,23.9,29.5,24.549059139784948,1995,12
168,1996-01-01,39.0,10,173.2,84.2,54,5.2,26.2,23.4,30.1,24.08521505376344,1996,01
169,1996-02-01,53.0,11,180.2,84.6,52,5.8,26.5,24.0,30.2,24.44942528735632,1996,02
170,1996-03-01,61.8,8,129.7,81.0,50,7.7,27.8,24.5,32.4,25.12889784946237,1996,03
171,1996-04-01,55.7,15,178.2,85.5,56,5.4,27.8,24.9,31.7,25.83888888888889,1996,04
172,1996-05-01,18.6,15,107.5,83.7,55,7.0,28.5,25.2,32.4,26.278494623655916,1996,05
173,1996-06-01,94.3,15,265.8,84.3,56,5.9,28.3,25.3,32.0,26.14916666666667,1996,06
174,1996-07-01,55.3,10,162.3,81.9,52,6.7,28.3,25.4,31.5,25.853763440860217,1996,07
175,1996-08-01,64.6,18,258.4,83.4,50,5.0,27.4,24.3,31.4,25.179032258064517,1996,08
176,1996-09-01,66.5,18,297.0,82.2,52,4.8,27.7,24.6,31.1,25.317222222222224,1996,09
177,1996-10-01,45.8,19,300.0,83.0,52,4.3,27.5,24.4,31.2,25.179973118279573,1996,10
178,1996-11-01,60.5,16,180.2,83.5,43,4.4,27.3,24.6,31.5,25.067777777777778,1996,11
179,1996-12-01,72.4,15,185.5,82.9,55,4.5,26.6,23.9,30.7,24.34032258064516,1996,12
180,1997-01-01,13.9,3,15.4,77.3,48,7.7,27.1,24.0,31.5,23.996774193548386,1997,01
181,1997-02-01,35.7,8,105.4,80.8,52,4.9,27.4,24.5,31.9,24.758482142857144,1997,02
182,1997-03-01,17.4,10,34.3,79.6,44,7.0,28.1,24.9,32.8,25.227688172043013,1997,03
183,1997-04-01,44.6,12,118.4,82.7,46,5.6,28.1,25.0,32.5,25.68263888888889,1997,04
184,1997-05-01,35.6,6,41.6,77.7,49,6.7,29.3,26.3,33.6,26.157526881720432,1997,05
185,1997-06-01,25.0,12,78.9,76.7,49,7.3,29.3,26.0,33.2,25.96847222222222,1997,06
186,1997-07-01,5.4,9,18.6,76.5,47,6.5,28.8,26.0,32.4,25.524327956989247,1997,07
187,1997-08-01,61.4,9,86.6,78.2,52,5.7,28.8,25.9,32.6,25.7252688172043,1997,08
188,1997-09-01,24.3,3,31.1,77.0,43,3.2,28.8,26.3,32.2,25.580277777777777,1997,09
189,1997-10-01,36.5,8,78.4,81.0,49,3.2,28.2,25.1,32.4,25.561693548387098,1997,10
190,1997-11-01,53.6,13,158.3,82.8,50,5.4,27.8,24.8,32.0,25.43972222222222,1997,11
191,1997-12-01,65.8,23,351.9,85.3,50,5.3,27.3,24.6,31.3,25.358467741935485,1997,12
192,1998-01-01,79.7,13,268.8,83.2,53,7.4,28.0,25.3,31.8,25.736424731182797,1998,01
193,1998-02-01,11.9,5,32.5,78.3,50,8.9,28.9,25.9,33.1,25.87827380952381,1998,02
194,1998-03-01,20.9,7,58.8,77.8,47,7.6,29.5,26.3,34.1,26.263440860215052,1998,03
195,1998-04-01,64.9,13,187.7,81.8,53,6.7,29.2,26.3,33.1,26.697222222222223,1998,04
196,1998-05-01,83.7,18,370.8,82.3,53,5.9,29.4,26.3,33.1,26.913978494623656,1998,05
197,1998-06-01,42.8,15,198.8,82.1,50,5.3,28.6,25.4,32.4,26.106944444444444,1998,06
198,1998-07-01,55.8,18,259.2,81.8,51,5.1,28.1,24.9,31.5,25.640860215053763,1998,07
199,1998-08-01,35.5,18,195.0,85.4,56,4.6,27.5,24.7,30.9,25.504435483870967,1998,08
200,1998-09-01,52.0,17,258.2,84.1,47,4.5,27.9,24.9,31.1,25.755277777777778,1998,09
201,1998-10-01,32.4,20,222.7,82.3,48,5.0,28.0,24.6,31.9,25.591397849462364,1998,10
202,1998-11-01,57.5,11,107.2,81.9,49,4.6,27.9,24.9,31.7,25.448749999999997,1998,11
203,1998-12-01,84.4,22,463.4,88.5,55,3.1,26.6,24.2,30.4,25.08508064516129,1998,12
204,1999-01-01,52.5,19,193.9,88.3,60,3.9,26.6,24.3,30.4,25.05483870967742,1999,01
205,1999-02-01,32.1,9,67.4,82.4,58,6.7,27.2,24.5,31.3,24.86636904761905,1999,02
206,1999-03-01,52.4,16,181.4,87.5,56,4.3,27.1,24.4,31.5,25.45228494623656,1999,03
207,1999-04-01,29.2,14,88.5,82.6,46,5.8,28.3,25.4,32.5,25.886805555555554,1999,04
208,1999-05-01,42.8,13,157.1,84.4,52,5.7,28.0,25.3,31.7,25.910618279569892,1999,05
209,1999-06-01,34.5,13,103.4,81.9,54,6.0,28.2,25.3,31.8,25.735972222222223,1999,06
210,1999-07-01,51.4,11,225.4,82.7,56,6.8,27.8,24.7,31.2,25.40255376344086,1999,07
211,1999-08-01,42.4,13,204.0,84.1,51,5.7,27.5,24.5,31.0,25.37244623655914,1999,08
212,1999-09-01,41.5,13,125.9,81.7,50,6.5,27.9,24.9,31.9,25.40402777777778,1999,09
213,1999-10-01,32.8,20,205.0,84.6,53,4.7,27.2,24.3,31.1,25.106182795698924,1999,10
214,1999-11-01,39.0,19,241.5,84.4,47,4.7,27.3,24.5,31.3,25.14402777777778,1999,11
215,1999-12-01,76.9,17,340.5,85.3,56,4.1,26.8,24.1,30.6,24.823924731182796,1999,12
216,2000-01-01,127.6,14,275.2,86.9,60,4.0,26.3,23.9,29.8,24.6377688172043,2000,01
217,2000-02-01,39.9,18,237.8,86.5,58,5.8,26.6,23.8,31.0,24.785344827586204,2000,02
218,2000-03-01,37.9,15,238.3,85.8,44,5.8,27.2,24.3,31.9,25.315188172043012,2000,03
219,2000-04-01,87.4,20,311.6,85.6,54,5.3,27.5,24.6,31.9,25.554305555555555,2000,04
220,2000-05-01,36.7,10,96.8,82.4,49,6.8,28.6,25.7,32.7,26.170698924731184,2000,05
221,2000-06-01,41.7,16,157.5,84.3,53,4.6,27.6,24.7,31.1,25.51236111111111,2000,06
222,2000-07-01,34.6,12,116.1,82.6,56,6.5,28.1,25.3,31.6,25.746370967741935,2000,07
223,2000-08-01,28.1,18,113.5,83.8,46,5.1,27.5,24.8,30.7,25.354569892473116,2000,08
224,2000-09-01,25.7,12,81.1,82.2,48,6.2,28.0,25.2,32.1,25.6075,2000,09
225,2000-10-01,38.3,14,120.9,82.1,51,4.0,27.8,24.9,31.8,25.331989247311828,2000,10
226,2000-11-01,72.0,21,385.7,87.1,47,3.7,27.3,24.7,31.3,25.583194444444448,2000,11
227,2000-12-01,45.8,18,236.0,87.6,60,4.2,27.0,24.4,31.0,25.335887096774197,2000,12
228,2001-01-01,125.4,21,425.8,87.4,49,4.4,26.5,24.0,30.3,24.856854838709676,2001,01
229,2001-02-01,28.2,11,86.6,83.6,58,4.8,27.0,24.5,30.9,24.788095238095234,2001,02
230,2001-03-01,41.1,20,297.3,84.5,50,5.4,27.5,24.2,31.8,25.350806451612904,2001,03
231,2001-04-01,68.9,18,203.3,86.0,50,5.3,27.7,25.1,31.8,25.86472222222222,2001,04
232,2001-05-01,56.1,12,164.9,85.0,57,6.0,28.5,25.7,32.2,26.47056451612903,2001,05
233,2001-06-01,49.6,11,137.1,82.5,49,4.9,28.2,25.4,31.4,25.77097222222222,2001,06
234,2001-07-01,44.8,9,111.3,80.8,50,8.1,28.4,25.5,32.2,25.7880376344086,2001,07
235,2001-08-01,36.6,14,158.3,83.7,50,4.9,28.0,25.2,31.1,25.804973118279573,2001,08
236,2001-09-01,74.3,13,162.0,82.3,54,6.2,28.0,25.2,31.6,25.575833333333332,2001,09
237,2001-10-01,77.2,20,252.2,83.7,47,4.4,27.6,24.7,31.4,25.423387096774192,2001,10
238,2001-11-01,102.6,15,175.3,84.9,54,3.7,27.2,24.7,30.8,25.157083333333333,2001,11
239,2001-12-01,211.1,20,609.0,86.8,55,4.5,26.7,24.1,30.7,24.94233870967742,2001,12
240,2002-01-01,83.8,11,221.2,83.6,49,6.9,27.0,24.5,30.9,24.83279569892473,2002,01
241,2002-02-01,41.7,2,50.8,80.9,53,7.4,27.3,24.5,31.3,24.705357142857142,2002,02
242,2002-03-01,26.4,8,55.6,80.8,40,7.6,28.2,25.1,33.0,25.528494623655916,2002,03
243,2002-04-01,39.4,13,116.5,82.3,50,6.6,28.6,25.6,33.0,26.13722222222222,2002,04
244,2002-05-01,75.9,13,236.6,82.3,52,6.2,28.9,26.1,32.6,26.417473118279567,2002,05
245,2002-06-01,45.8,12,83.1,82.1,56,6.3,28.7,26.0,32.1,26.222638888888888,2002,06
246,2002-07-01,69.5,11,233.7,82.7,56,6.8,28.4,25.5,31.9,26.05510752688172,2002,07
247,2002-08-01,17.8,14,54.2,79.2,50,6.7,28.5,25.6,31.9,25.624193548387098,2002,08
248,2002-09-01,38.9,9,124.2,81.7,49,5.5,28.1,25.1,31.7,25.545555555555556,2002,09
249,2002-10-01,3.2,7,10.8,79.8,42,6.2,28.7,25.7,33.0,25.838306451612905,2002,10
250,2002-11-01,84.0,15,307.2,85.8,56,4.6,27.4,24.5,31.7,25.49833333333333,2002,11
251,2002-12-01,38.6,24,255.0,88.7,56,4.8,27.2,24.7,31.3,25.680779569892472,2002,12
252,2003-01-01,194.4,20,444.2,86.9,56,4.7,26.7,24.4,30.1,24.92970430107527,2003,01
253,2003-02-01,82.2,13,172.9,85.0,55,5.8,27.1,24.4,30.8,25.087648809523813,2003,02
254,2003-03-01,38.3,11,154.6,83.8,54,6.9,28.1,25.2,32.3,25.84704301075269,2003,03
255,2003-04-01,42.9,20,159.9,86.7,48,5.1,27.9,25.3,32.1,26.094305555555557,2003,04
256,2003-05-01,33.0,11,81.8,81.7,45,5.8,29.2,26.5,32.7,26.612903225806452,2003,05
257,2003-06-01,23.2,12,50.3,78.5,36,7.0,28.9,26.0,32.7,25.94916666666667,2003,06
258,2003-07-01,30.9,14,170.4,81.7,54,5.6,28.1,25.1,31.5,25.634543010752687,2003,07
259,2003-08-01,64.4,13,193.6,83.1,48,6.1,28.2,25.5,31.8,25.924865591397847,2003,08
260,2003-09-01,60.0,15,205.3,84.8,46,5.0,27.6,24.8,31.2,25.566666666666666,2003,09
261,2003-10-01,56.6,21,351.4,84.9,54,5.1,27.6,24.5,31.1,25.548521505376343,2003,10
262,2003-11-01,41.3,19,133.8,87.3,56,4.2,27.1,24.7,31.0,25.443055555555556,2003,11
263,2003-12-01,92.1,17,273.0,87.2,60,3.9,26.5,24.3,29.9,24.87150537634409,2003,12
264,2004-01-01,177.8,13,600.9,86.7,57,6.7,26.9,24.2,30.6,25.08225806451613,2004,01
265,2004-02-01,19.2,4,31.9,80.5,51,7.7,27.6,24.7,32.0,24.958189655172415,2004,02
266,2004-03-01,122.8,16,269.4,85.8,56,4.8,27.7,24.7,32.2,25.739919354838708,2004,03
267,2004-04-01,18.1,9,57.1,82.3,46,7.0,28.9,26.1,33.3,26.369027777777777,2004,04
268,2004-05-01,73.4,13,137.6,82.1,51,6.0,28.9,26.4,32.8,26.447580645161292,2004,05
269,2004-06-01,68.1,8,127.2,79.8,49,6.3,29.0,26.1,32.4,26.183611111111112,2004,06
270,2004-07-01,34.3,20,166.6,85.3,56,4.2,27.3,24.5,30.8,25.38817204301075,2004,07
271,2004-08-01,111.5,8,185.2,80.3,47,7.3,28.3,25.4,31.7,25.537365591397847,2004,08
272,2004-09-01,29.1,14,128.9,83.6,50,5.9,27.8,25.0,31.7,25.570277777777775,2004,09
273,2004-10-01,25.3,13,125.6,83.9,43,5.0,27.8,25.0,31.6,25.57338709677419,2004,10
274,2004-11-01,62.4,15,166.2,86.1,56,5.8,27.3,24.6,31.4,25.41375,2004,11
275,2004-12-01,36.4,14,139.8,85.2,58,4.9,26.8,24.5,30.1,24.87244623655914,2004,12
276,2005-01-01,96.7,8,163.2,83.3,49,6.5,26.6,23.9,30.2,24.395967741935483,2005,01
277,2005-02-01,7.2,3,8.4,77.7,45,9.1,28.5,25.3,33.4,25.330357142857142,2005,02
278,2005-03-01,20.5,12,82.4,80.3,47,7.2,28.5,25.4,33.3,25.70577956989247,2005,03
279,2005-04-01,49.6,10,81.7,81.0,42,7.0,28.7,25.7,33.0,26.036805555555556,2005,04
280,2005-05-01,58.7,20,331.1,84.6,47,5.5,28.5,25.2,32.4,26.366532258064517,2005,05
281,2005-06-01,27.6,15,82.3,82.7,50,5.4,28.8,26.1,32.0,26.405694444444443,2005,06
282,2005-07-01,26.3,15,104.0,84.0,53,5.4,28.0,25.2,31.4,25.849865591397847,2005,07
283,2005-08-01,13.8,13,58.5,82.9,54,6.5,28.2,25.5,31.5,25.900134408602153,2005,08
284,2005-09-01,43.4,18,175.7,84.2,53,6.2,28.2,25.2,32.0,25.996111111111112,2005,09
285,2005-10-01,76.2,19,314.5,85.2,57,5.1,27.6,24.7,31.3,25.58185483870968,2005,10
286,2005-11-01,133.8,23,362.9,86.4,56,4.4,27.3,24.4,30.8,25.43236111111111,2005,11
287,2005-12-01,47.3,19,166.0,85.6,55,4.5,27.3,24.6,31.0,25.326478494623657,2005,12
288,2006-01-01,131.7,20,454.4,87.8,56,4.8,26.5,24.1,30.0,24.865591397849464,2006,01
289,2006-02-01,44.5,8,115.5,84.0,58,7.4,27.5,24.8,31.5,25.37842261904762,2006,02
290,2006-03-01,35.7,9,83.1,81.3,48,7.1,28.3,25.2,33.1,25.692204301075268,2006,03
291,2006-04-01,43.3,18,239.8,87.0,53,5.3,27.6,24.8,32.1,25.854444444444447,2006,04
292,2006-05-01,36.6,14,205.7,85.2,52,5.0,28.1,25.4,32.0,26.103629032258063,2006,05
293,2006-06-01,37.3,16,236.8,86.3,59,5.5,27.8,25.1,31.0,25.99152777777778,2006,06
294,2006-07-01,54.8,15,153.8,83.8,58,6.9,28.4,25.7,31.5,26.21155913978495,2006,07
295,2006-08-01,30.4,14,127.3,81.9,52,6.7,28.3,25.5,31.5,25.854569892473116,2006,08
296,2006-09-01,32.2,12,83.3,81.0,49,5.3,28.0,25.4,31.4,25.40486111111111,2006,09
297,2006-10-01,37.8,8,102.0,80.9,44,4.8,28.3,25.4,32.2,25.69327956989247,2006,10
298,2006-11-01,64.0,18,185.6,87.4,59,5.6,27.3,24.5,31.4,25.550416666666667,2006,11
299,2006-12-01,198.0,22,765.9,88.5,54,3.2,26.6,24.3,30.0,25.12217741935484,2006,12
300,2007-01-01,143.8,20,450.1,86.8,55,4.1,26.5,24.2,29.8,24.72083333333333,2007,01
301,2007-02-01,51.4,3,105.5,82.5,51,7.6,27.3,24.5,31.5,24.870535714285715,2007,02
302,2007-03-01,68.8,21,269.1,84.9,47,5.8,27.5,24.6,31.5,25.42043010752688,2007,03
303,2007-04-01,102.4,14,240.2,84.7,50,5.9,28.1,25.2,32.0,26.00986111111111,2007,04
304,2007-05-01,21.9,16,127.2,84.8,60,5.5,28.3,25.3,31.6,26.221236559139783,2007,05
305,2007-06-01,38.0,12,139.0,82.8,50,6.0,28.4,25.4,32.1,26.059583333333336,2007,06
306,2007-07-01,23.0,19,141.7,84.8,57,3.8,27.7,25.1,30.6,25.697580645161292,2007,07
307,2007-08-01,55.9,20,190.7,82.9,58,5.7,27.7,25.0,30.9,25.4252688172043,2007,08
308,2007-09-01,52.1,13,149.0,83.3,53,5.8,27.8,25.0,31.0,25.593194444444443,2007,09
309,2007-10-01,51.8,16,237.2,83.2,49,5.6,27.8,24.9,31.6,25.488575268817204,2007,10
310,2007-11-01,60.1,21,367.9,86.5,55,3.5,26.9,24.0,30.8,25.105833333333333,2007,11
311,2007-12-01,159.0,20,468.6,86.8,49,4.5,26.4,24.1,30.1,24.704301075268816,2007,12
312,2008-01-01,123.1,19,262.6,86.0,55,6.1,26.8,24.3,30.7,24.903360215053763,2008,01
313,2008-02-01,48.5,8,129.2,82.9,49,5.5,26.7,24.0,30.9,24.427298850574715,2008,02
314,2008-03-01,48.1,16,294.1,87.1,61,4.3,26.5,24.0,30.1,24.830510752688173,2008,03
315,2008-04-01,34.2,13,87.2,82.0,56,6.0,28.1,25.1,31.9,25.641805555555553,2008,04
316,2008-05-01,42.3,11,124.9,79.1,47,6.6,28.8,26.0,32.2,25.849596774193547,2008,05
317,2008-06-01,45.2,12,118.3,81.5,54,5.6,28.2,25.3,31.4,25.66333333333333,2008,06
318,2008-07-01,23.5,15,89.1,81.3,52,4.9,27.8,25.1,30.8,25.311155913978496,2008,07
319,2008-08-01,133.9,18,327.3,83.8,55,5.5,27.4,24.7,30.9,25.284408602150535,2008,08
320,2008-09-01,43.5,18,164.4,82.7,52,5.1,27.7,24.6,31.1,25.344722222222224,2008,09
321,2008-10-01,41.6,19,159.5,84.9,58,4.5,27.6,25.0,31.4,25.546505376344083,2008,10
322,2008-11-01,63.3,16,324.3,85.9,58,4.0,27.3,24.5,31.2,25.379583333333333,2008,11
323,2008-12-01,52.0,17,244.2,83.7,52,4.8,26.9,24.3,30.5,24.690591397849463,2008,12
324,2009-01-01,36.0,5,38.3,79.1,50,6.6,26.8,24.2,30.7,23.982795698924733,2009,01
325,2009-02-01,74.2,8,201.8,80.7,42,6.4,27.3,24.2,32.3,24.64627976190476,2009,02
326,2009-03-01,56.3,19,223.3,85.4,54,5.5,27.2,24.1,31.4,25.2,2009,03
327,2009-04-01,86.6,12,183.7,82.2,48,6.2,28.5,25.4,32.3,26.000694444444445,2009,04
328,2009-05-01,41.3,17,198.6,83.0,52,6.6,28.7,25.3,32.2,26.366666666666667,2009,05
329,2009-06-01,5.8,8,21.8,79.8,53,7.0,29.1,26.2,32.6,26.281666666666666,2009,06
330,2009-07-01,24.4,16,161.0,80.8,56,6.2,28.3,25.3,31.7,25.6002688172043,2009,07
331,2009-08-01,35.5,12,177.8,80.7,51,6.5,28.3,25.6,31.7,25.64354838709677,2009,08
332,2009-09-01,63.0,13,109.6,82.0,53,5.6,28.3,25.5,31.7,25.86611111111111,2009,09
333,2009-10-01,38.4,15,133.4,82.8,49,5.4,28.2,25.2,32.1,25.861424731182797,2009,10
334,2009-11-01,61.4,23,281.8,85.6,51,4.7,27.2,24.8,31.5,25.274583333333336,2009,11
335,2009-12-01,42.6,18,189.8,86.3,61,4.7,27.1,24.6,30.7,25.261693548387097,2009,12
336,2010-01-01,24.5,10,69.5,82.1,50,7.1,27.5,24.4,31.2,25.016397849462365,2010,01
337,2010-02-01,2.9,4,6.3,77.3,47,8.8,28.9,25.5,33.5,25.641964285714288,2010,02
338,2010-03-01,57.6,11,238.0,79.9,46,6.1,28.6,25.1,33.1,25.731989247311827,2010,03
339,2010-04-01,40.0,18,158.5,84.1,55,6.2,28.6,25.0,32.8,26.349444444444444,2010,04
340,2010-05-01,90.5,17,157.5,82.2,50,6.5,29.2,25.9,33.2,26.713575268817205,2010,05
341,2010-06-01,43.0,19,240.5,83.9,55,5.1,28.3,25.2,31.4,26.11875,2010,06
342,2010-07-01,121.1,18,298.5,84.8,48,4.6,27.7,24.6,30.9,25.6497311827957,2010,07
343,2010-08-01,60.2,16,158.4,84.2,50,5.4,27.9,24.6,31.2,25.741263440860216,2010,08
344,2010-09-01,28.0,13,121.5,82.5,50,5.7,28.0,24.9,31.8,25.610833333333332,2010,09
345,2010-10-01,58.1,17,166.2,82.3,43,4.2,28.3,25.1,31.7,25.80282258064516,2010,10
346,2010-11-01,41.6,21,278.8,85.9,52,5.0,27.4,24.2,31.6,25.448611111111113,2010,11
347,2010-12-01,85.8,14,181.4,85.3,54,3.6,26.8,23.9,30.8,24.836290322580645,2010,12
348,2011-01-01,216.2,17,513.2,85.8,57,4.5,26.3,23.5,29.7,24.433467741935484,2011,01
349,2011-02-01,17.4,8,23.0,81.1,41,7.5,27.3,24.1,31.7,24.69151785714286,2011,02
350,2011-03-01,54.0,22,256.6,85.5,47,4.6,27.1,23.9,31.3,25.072311827956987,2011,03
351,2011-04-01,61.8,12,217.8,83.9,55,7.2,27.9,24.6,31.9,25.689999999999998,2011,04
352,2011-05-01,34.2,15,127.0,85.3,46,5.9,28.5,25.2,32.4,26.479166666666668,2011,05
353,2011-06-01,82.0,15,213.0,83.7,56,5.0,28.4,25.2,31.3,26.13875,2011,06
354,2011-07-01,30.0,7,76.6,81.3,59,7.8,28.7,25.5,31.9,26.110483870967744,2011,07
355,2011-08-01,30.2,13,81.4,82.6,52,6.1,27.9,25.6,31.0,25.56048387096774,2011,08
356,2011-09-01,40.4,14,136.4,82.7,51,5.1,27.8,25.1,30.9,25.50986111111111,2011,09
357,2011-10-01,54.0,20,216.8,87.4,55,5.3,27.3,24.7,31.0,25.508198924731182,2011,10
358,2011-11-01,78.6,24,377.8,87.8,55,4.6,27.1,24.6,31.1,25.45347222222222,2011,11
359,2011-12-01,87.4,21,284.6,88.4,57,3.3,26.6,24.5,29.9,25.062634408602147,2011,12
360,2012-01-01,26.2,16,106.1,87.3,59,6.0,26.7,24.3,30.6,25.007930107526885,2012,01
361,2012-02-01,38.4,11,83.6,85.6,55,7.0,27.2,24.8,31.1,25.257183908045977,2012,02
362,2012-03-01,92.3,21,313.4,87.3,58,4.2,27.0,24.4,31.1,25.314247311827955,2012,03
363,2012-04-01,48.4,20,260.6,85.1,54,5.8,27.6,24.8,31.4,25.57111111111111,2012,04
364,2012-05-01,79.2,19,292.0,83.1,52,5.6,28.2,24.8,31.7,25.842473118279568,2012,05
365,2012-06-01,38.2,8,53.0,79.0,49,6.0,28.7,26.3,31.6,25.799305555555556,2012,06
366,2012-07-01,35.4,17,130.8,81.1,48,6.2,27.7,25.3,30.8,25.18494623655914,2012,07
367,2012-08-01,31.0,12,119.0,79.8,54,6.1,27.9,25.4,31.0,25.202016129032256,2012,08
368,2012-09-01,35.8,10,107.6,79.7,49,5.6,27.9,25.3,31.3,25.150555555555556,2012,09
369,2012-10-01,22.6,13,122.2,81.3,51,5.9,27.7,25.2,31.7,25.155779569892474,2012,10
370,2012-11-01,49.2,22,208.2,85.4,51,4.4,27.1,24.7,31.4,25.138472222222223,2012,11
371,2012-12-01,78.8,22,363.4,87.0,61,3.6,26.7,24.4,30.6,24.978494623655912,2012,12
372,2013-01-01,73.0,15,262.0,82.1,42,6.0,27.1,24.6,30.8,24.62849462365591,2013,01
373,2013-02-01,95.2,22,395.2,86.9,54,4.0,26.5,24.3,30.1,24.79285714285714,2013,02
374,2013-03-01,29.6,10,85.8,80.4,48,7.5,28.3,25.6,32.4,25.5497311827957,2013,03
375,2013-04-01,41.6,19,159.4,82.7,46,5.2,28.2,25.3,32.1,25.81625,2013,04
376,2013-05-01,46.2,17,211.4,83.1,45,5.4,28.2,25.6,31.8,25.848387096774193,2013,05
377,2013-06-01,22.4,12,111.4,74.6,36,6.4,29.0,25.9,32.6,25.30388888888889,2013,06
378,2013-07-01,37.4,15,174.6,79.9,43,5.7,27.8,25.2,31.1,25.04193548387097,2013,07
379,2013-08-01,43.2,15,165.6,79.0,50,6.1,27.9,25.1,31.0,25.04422043010753,2013,08
380,2013-09-01,52.6,19,257.0,81.3,48,4.6,27.5,24.8,30.6,25.012916666666666,2013,09
381,2013-10-01,139.8,19,285.4,79.9,42,6.3,27.7,24.6,31.4,24.95766129032258,2013,10
382,2013-11-01,44.0,22,292.4,84.6,51,4.5,27.1,24.5,31.3,25.066666666666666,2013,11
383,2013-12-01,119.8,21,348.2,85.8,45,3.5,26.5,24.1,30.2,24.609139784946237,2013,12
384,2014-01-01,31.2,5,75.4,78.5,49,5.3,26.2,24.0,29.6,23.391129032258064,2014,01
385,2014-02-01,0.2,1,0.2,74.5,43,8.8,27.2,24.5,31.9,23.708333333333332,2014,02
386,2014-03-01,52.6,6,66.0,76.0,38,8.0,27.9,25.1,32.8,24.54462365591398,2014,03
387,2014-04-01,28.8,17,110.0,80.0,44,5.7,28.2,25.5,32.4,25.461805555555557,2014,04
388,2014-05-01,22.2,18,125.8,80.2,48,5.8,28.6,25.8,32.1,25.811424731182797,2014,05
389,2014-06-01,18.8,11,71.4,77.5,45,6.0,29.0,26.3,32.1,25.880972222222223,2014,06
390,2014-07-01,29.0,15,148.6,78.3,53,5.5,28.7,25.8,31.6,25.704704301075267,2014,07
391,2014-08-01,44.2,20,241.0,79.7,53,4.5,27.7,25.2,30.4,24.933198924731183,2014,08
392,2014-09-01,34.6,9,83.6,75.6,37,7.0,28.5,25.7,31.8,25.079583333333332,2014,09
393,2014-10-01,32.8,10,120.0,77.0,40,6.0,28.4,25.7,32.1,25.170295698924733,2014,10
394,2014-11-01,64.4,23,250.8,82.4,53,5.4,27.5,24.8,31.6,25.094722222222224,2014,11
395,2014-12-01,48.2,17,245.6,82.6,51,3.7,27.0,24.7,30.6,24.71545698924731,2014,12
396,2015-01-01,33.6,6,79.6,77.6,49,7.4,26.9,24.6,30.7,23.8377688172043,2015,01
397,2015-02-01,10.8,6,18.8,75.4,49,7.3,27.0,24.4,31.3,23.633035714285715,2015,02
398,2015-03-01,46.0,5,84.4,75.8,47,7.3,28.2,25.5,32.5,24.765860215053763,2015,03
399,2015-04-01,18.8,13,73.2,77.1,48,7.2,28.6,25.9,33.2,25.373055555555553,2015,04
400,2015-05-01,22.2,12,89.0,78.9,46,5.8,28.7,26.4,32.2,25.795564516129033,2015,05
401,2015-06-01,28.4,10,95.8,75.8,42,6.7,29.0,26.6,32.0,25.58625,2015,06
402,2015-07-01,45.8,13,116.8,74.9,51,7.1,29.1,26.7,31.9,25.54422043010753,2015,07
403,2015-08-01,63.2,11,185.8,76.7,40,6.1,28.4,26.0,31.2,25.17755376344086,2015,08
404,2015-09-01,18.4,8,61.6,75.0,40,4.3,28.7,26.5,31.7,25.183611111111112,2015,09
405,2015-10-01,28.6,9,87.2,75.4,35,4.7,28.7,26.1,32.2,25.2127688172043,2015,10
406,2015-11-01,25.8,13,72.6,79.1,47,4.8,28.0,25.5,32.1,25.090416666666666,2015,11
407,2015-12-01,40.4,19,302.3,81.1,49,5.3,27.7,25.0,31.5,25.13037634408602,2015,12
408,2016-01-01,39.6,15,126.6,79.6,55,7.2,28.3,26.0,31.8,25.472580645161287,2016,01
409,2016-02-01,71.8,10,186.0,78.8,55,6.5,27.8,25.6,31.1,24.938505747126438,2016,02
410,2016-03-01,2.4,6,6.2,74.7,47,8.0,29.0,26.6,33.1,25.40456989247312,2016,03
411,2016-04-01,18.2,14,89.8,75.6,46,7.0,29.4,26.7,33.4,25.945277777777775,2016,04
412,2016-05-01,54.8,12,193.8,77.4,48,6.2,29.3,26.5,33.0,26.075806451612905,2016,05
413,2016-06-01,67.8,13,162.8,77.7,45,5.4,28.5,26.1,31.6,25.419166666666666,2016,06
414,2016-07-01,59.4,20,168.6,77.3,48,6.3,28.4,25.8,31.7,25.259543010752687,2016,07
415,2016-08-01,30.6,15,139.2,74.0,41,6.7,28.9,26.2,31.8,25.236155913978497,2016,08
416,2016-09-01,34.0,15,118.9,73.9,33,5.5,28.3,25.1,32.0,24.610138888888887,2016,09
417,2016-10-01,75.4,16,181.0,72.0,38,4.6,28.3,25.2,32.1,24.35282258064516,2016,10
418,2016-11-01,65.6,20,290.2,77.6,46,3.5,27.4,24.9,30.7,24.353194444444444,2016,11
419,2016-12-01,73.0,23,292.6,72.8,34,5.1,27.4,24.7,31.6,23.570833333333333,2016,12
420,2017-01-01,60.6,21,197.6,84.8,44,4.8,26.9,24.7,30.7,24.893010752688173,2017,01
421,2017-02-01,31.0,15,158.4,83.2,59,7.1,26.9,24.7,30.7,24.679464285714282,2017,02
422,2017-03-01,30.2,11,136.2,82.5,52,6.1,27.4,24.9,31.1,24.988440860215057,2017,03
423,2017-04-01,42.8,21,208.6,83.5,50,5.3,27.8,25.0,31.8,25.54638888888889,2017,04
424,2017-05-01,44.8,15,190.0,82.8,57,5.9,28.5,25.9,31.4,26.114650537634407,2017,05
425,2017-06-01,29.6,10,106.0,80.2,51,6.3,28.5,25.9,31.6,25.75847222222222,2017,06
426,2017-07-01,30.2,9,79.6,79.6,57,7.0,28.3,26.0,31.0,25.50577956989247,2017,07
427,2017-08-01,29.4,18,84.2,79.9,54,6.1,28.1,25.9,31.0,25.39059139784946,2017,08
428,2017-09-01,20.2,19,124.4,81.0,55,5.7,28.0,25.4,31.2,25.380555555555556,2017,09
429,2017-10-01,31.2,18,120.8,82.5,45,5.5,27.9,25.3,31.6,25.47970430107527,2017,10
430,2017-11-01,45.2,24,268.6,86.3,60,4.2,27.1,24.6,30.8,25.229999999999997,2017,11
431,2017-12-01,69.8,23,371.2,85.2,51,5.6,27.0,24.6,30.8,25.010080645161292,2017,12
432,2018-01-01,45.8,25,287.0,86.6,44,4.1,26.1,24.0,29.8,24.34543010752688,2018,01
433,2018-02-01,13.0,5,14.8,77.2,49,8.0,27.2,24.8,31.2,24.058630952380952,2018,02
434,2018-03-01,15.2,10,44.6,78.4,49,6.4,28.0,25.4,32.4,24.96532258064516,2018,03
435,2018-04-01,14.0,14,61.2,78.5,39,6.8,28.5,25.8,33.2,25.470000000000002,2018,04
436,2018-05-01,47.4,19,132.2,79.0,43,5.8,28.7,26.2,32.4,25.72244623655914,2018,05
437,2018-06-01,46.8,17,182.6,79.3,51,4.1,28.4,25.6,31.3,25.57097222222222,2018,06
438,2018-07-01,32.4,10,143.2,77.7,50,6.1,28.5,26.0,31.3,25.403091397849465,2018,07
439,2018-08-01,34.6,11,121.6,77.0,39,6.7,28.5,26.1,31.7,25.324596774193548,2018,08
440,2018-09-01,45.0,13,144.4,77.1,48,6.0,28.0,25.3,31.2,24.81625,2018,09
441,2018-10-01,60.6,18,234.4,79.7,33,6.1,27.9,25.2,31.9,25.083870967741937,2018,10
442,2018-11-01,20.6,27,169.6,83.2,53,3.8,27.3,24.6,31.0,25.04638888888889,2018,11
443,2018-12-01,43.8,19,172.6,81.5,47,5.1,27.6,25.3,31.6,25.06532258064516,2018,12
444,2019-01-01,38.2,9,63.6,75.6,47,7.1,28.0,25.6,31.7,24.605376344086025,2019,01
445,2019-02-01,13.4,5,31.6,74.1,46,9.2,28.2,25.4,32.8,24.58169642857143,2019,02
446,2019-03-01,29.0,6,72.2,72.3,40,8.3,28.7,25.6,33.5,24.7375,2019,03
447,2019-04-01,52.4,9,174.8,77.6,48,5.9,28.6,25.9,32.7,25.502777777777776,2019,04
448,2019-05-01,17.2,13,69.0,79.2,52,7.0,29.3,26.5,32.7,26.34193548387097,2019,05
449,2019-06-01,37.6,16,173.8,79.5,47,5.3,28.4,26.1,31.3,25.61277777777778,2019,06
450,2019-07-01,6.6,8,12.2,75.2,45,7.5,29.0,26.9,32.1,25.546505376344083,2019,07
451,2019-08-01,3.8,6,11.8,72.1,35,7.6,29.1,27.1,32.7,25.14758064516129,2019,08
452,2019-09-01,16.4,4,22.8,73.0,37,6.7,29.0,26.6,33.0,25.17666666666667,2019,09
453,2019-10-01,92.2,15,176.8,78.1,38,6.5,28.1,25.3,32.7,25.08306451612903,2019,10
454,2019-11-01,73.4,15,137.4,79.2,45,5.5,28.0,25.4,32.3,25.128194444444443,2019,11
455,2019-12-01,74.2,14,421.5,83.9,47,4.8,26.7,24.6,30.1,24.581317204301076,2019,12
456,2020-01-01,38.0,6,88.4,77.9,43,7.1,27.7,25.2,31.7,24.690725806451614,2020,01
457,2020-02-01,23.8,8,65.0,76.0,45,8.3,27.9,25.3,31.7,24.543390804597703,2020,02
458,2020-03-01,47.4,8,108.8,75.2,44,7.6,28.6,25.9,32.9,25.122580645161293,2020,03
459,2020-04-01,51.8,12,188.0,76.4,46,7.1,28.9,26.0,33.0,25.509722222222223,2020,04
460,2020-05-01,53.8,16,255.6,79.1,50,5.7,28.9,26.1,32.2,26.02405913978495,2020,05
461,2020-06-01,41.0,21,233.8,80.2,53,4.3,28.1,25.5,31.0,25.440416666666664,2020,06
462,2020-07-01,30.4,22,140.8,78.2,53,5.7,27.9,25.5,31.0,25.021639784946235,2020,07
463,2020-08-01,34.6,12,103.4,76.8,41,6.4,28.3,25.9,31.4,25.113844086021505,2020,08
464,2020-09-01,32.8,18,150.2,79.0,48,4.8,27.5,24.9,31.0,24.719305555555557,2020,09
465,2020-10-01,19.0,16,78.8,75.4,44,4.3,28.3,25.6,31.6,24.916263440860217,2020,10
466,2020-11-01,64.2,19,220.6,81.7,49,4.0,27.2,25.0,31.0,24.803055555555556,2020,11
467,2020-12-01,58.2,20,253.2,81.1,49,5.2,27.2,24.5,31.5,24.651612903225807,2020,12
468,2021-01-01,210.6,17,692.8,82.6,55,4.2,26.0,23.8,29.1,23.73333333333333,2021,01
469,2021-02-01,0.6,2,1.0,73.8,46,8.2,27.3,24.8,31.6,23.745386904761904,2021,02
470,2021-03-01,38.0,14,182.4,76.6,42,7.3,27.9,25.0,32.8,24.68938172043011,2021,03
471,2021-04-01,83.8,14,290.4,77.4,43,6.8,28.2,25.3,32.4,25.122500000000002,2021,04
472,2021-05-01,49.8,13,245.8,79.3,49,6.0,28.7,26.0,32.1,25.861424731182797,2021,05
473,2021-06-01,23.8,20,93.4,77.8,42,6.5,28.5,25.6,32.1,25.489305555555553,2021,06
474,2021-07-01,75.0,12,195.8,76.5,48,6.8,28.6,26.2,31.8,25.36922043010753,2021,07
475,2021-08-01,71.4,24,293.6,80.4,51,4.8,27.6,24.8,31.0,24.96317204301075,2021,08
476,2021-09-01,63.4,14,205.4,77.3,45,6.4,28.3,25.6,31.7,25.195833333333333,2021,09
477,2021-10-01,59.6,14,177.0,78.3,45,6.2,28.5,25.8,32.2,25.493682795698923,2021,10
478,2021-11-01,47.8,23,312.4,81.7,41,4.9,27.6,24.8,31.8,25.111944444444443,2021,11
479,2021-12-01,46.8,15,119.6,79.7,47,5.4,27.7,25.4,31.4,24.95604838709677,2021,12
480,2022-01-01,50.0,9,99.8,77.4,49,8.3,27.4,24.9,31.6,24.380913978494625,2022,01
481,2022-02-01,29.6,16,175.0,80.3,51,5.9,27.3,24.8,31.2,24.64985119047619,2022,02
482,2022-03-01,36.2,21,163.2,79.2,48,6.4,28.1,25.1,32.7,25.253225806451614,2022,03
483,2022-04-01,58.8,18,239.6,80.0,51,5.2,28.1,25.1,32.1,25.375416666666666,2022,04
484,2022-05-01,44.6,12,102.0,76.5,41,6.7,29.2,26.2,32.9,25.881317204301077,2022,05
485,2022-06-01,59.4,17,211.8,79.1,54,4.7,27.9,25.3,31.1,25.118055555555557,2022,06
486,2022-07-01,27.8,16,145.2,76.8,53,6.2,28.6,25.8,31.7,25.43911290322581,2022,07
487,2022-08-01,32.4,15,141.4,77.4,50,5.5,28.1,25.8,31.2,25.072311827956987,2022,08
488,2022-09-01,38.2,14,121.0,76.9,52,3.8,27.9,25.4,31.1,24.83388888888889,2022,09
489,2022-10-01,38.8,27,279.0,78.7,47,3.5,27.6,24.7,31.5,24.688575268817203,2022,10
490,2022-11-01,53.0,26,313.8,79.9,46,3.8,27.4,24.4,31.4,24.674305555555556,2022,11
491,2022-12-01,37.0,19,215.4,81.2,52,3.6,26.8,24.5,30.3,24.303763440860216,2022,12
